{
  "type": "GROUP",
"name": "Global Information",
"path": "",
"pathFormatted": "group_missing-name-b06d1",
"stats": {
    "name": "Global Information",
    "numberOfRequests": {
        "total": 34406,
        "ok": 34256,
        "ko": 150
    },
    "minResponseTime": {
        "total": 10,
        "ok": 19,
        "ko": 10
    },
    "maxResponseTime": {
        "total": 60256,
        "ok": 21520,
        "ko": 60256
    },
    "meanResponseTime": {
        "total": 359,
        "ok": 301,
        "ko": 13591
    },
    "standardDeviation": {
        "total": 1856,
        "ok": 589,
        "ko": 23119
    },
    "percentiles1": {
        "total": 229,
        "ok": 228,
        "ko": 696
    },
    "percentiles2": {
        "total": 363,
        "ok": 362,
        "ko": 10002
    },
    "percentiles3": {
        "total": 820,
        "ok": 805,
        "ko": 60038
    },
    "percentiles4": {
        "total": 1459,
        "ok": 1407,
        "ko": 60175
    },
    "group1": {
    "name": "t < 400 ms",
    "count": 27194,
    "percentage": 79
},
    "group2": {
    "name": "400 ms < t < 800 ms",
    "count": 5329,
    "percentage": 15
},
    "group3": {
    "name": "t > 800 ms",
    "count": 1733,
    "percentage": 5
},
    "group4": {
    "name": "failed",
    "count": 150,
    "percentage": 0
},
    "meanNumberOfRequestsPerSecond": {
        "total": 93.4945652173913,
        "ok": 93.08695652173913,
        "ko": 0.4076086956521739
    }
},
"contents": {
"req_login-d56b6": {
        "type": "REQUEST",
        "name": "login",
"path": "login",
"pathFormatted": "req_login-d56b6",
"stats": {
    "name": "login",
    "numberOfRequests": {
        "total": 1,
        "ok": 1,
        "ko": 0
    },
    "minResponseTime": {
        "total": 84,
        "ok": 84,
        "ko": 0
    },
    "maxResponseTime": {
        "total": 84,
        "ok": 84,
        "ko": 0
    },
    "meanResponseTime": {
        "total": 84,
        "ok": 84,
        "ko": 0
    },
    "standardDeviation": {
        "total": 0,
        "ok": 0,
        "ko": 0
    },
    "percentiles1": {
        "total": 84,
        "ok": 84,
        "ko": 0
    },
    "percentiles2": {
        "total": 84,
        "ok": 84,
        "ko": 0
    },
    "percentiles3": {
        "total": 84,
        "ok": 84,
        "ko": 0
    },
    "percentiles4": {
        "total": 84,
        "ok": 84,
        "ko": 0
    },
    "group1": {
    "name": "t < 400 ms",
    "count": 1,
    "percentage": 100
},
    "group2": {
    "name": "400 ms < t < 800 ms",
    "count": 0,
    "percentage": 0
},
    "group3": {
    "name": "t > 800 ms",
    "count": 0,
    "percentage": 0
},
    "group4": {
    "name": "failed",
    "count": 0,
    "percentage": 0
},
    "meanNumberOfRequestsPerSecond": {
        "total": 0.002717391304347826,
        "ok": 0.002717391304347826,
        "ko": 0
    }
}
    },"req_requestaggregat-e2bf6": {
        "type": "REQUEST",
        "name": "requestAggregation_fintonic_products",
"path": "requestAggregation_fintonic_products",
"pathFormatted": "req_requestaggregat-e2bf6",
"stats": {
    "name": "requestAggregation_fintonic_products",
    "numberOfRequests": {
        "total": 7500,
        "ok": 7456,
        "ko": 44
    },
    "minResponseTime": {
        "total": 20,
        "ok": 84,
        "ko": 20
    },
    "maxResponseTime": {
        "total": 60256,
        "ok": 3565,
        "ko": 60256
    },
    "meanResponseTime": {
        "total": 589,
        "ok": 432,
        "ko": 27276
    },
    "standardDeviation": {
        "total": 2841,
        "ok": 324,
        "ko": 25336
    },
    "percentiles1": {
        "total": 322,
        "ok": 321,
        "ko": 10014
    },
    "percentiles2": {
        "total": 452,
        "ok": 448,
        "ko": 60001
    },
    "percentiles3": {
        "total": 1266,
        "ok": 1247,
        "ko": 60154
    },
    "percentiles4": {
        "total": 1888,
        "ok": 1660,
        "ko": 60216
    },
    "group1": {
    "name": "t < 400 ms",
    "count": 5134,
    "percentage": 68
},
    "group2": {
    "name": "400 ms < t < 800 ms",
    "count": 1577,
    "percentage": 21
},
    "group3": {
    "name": "t > 800 ms",
    "count": 745,
    "percentage": 10
},
    "group4": {
    "name": "failed",
    "count": 44,
    "percentage": 1
},
    "meanNumberOfRequestsPerSecond": {
        "total": 20.380434782608695,
        "ok": 20.26086956521739,
        "ko": 0.11956521739130435
    }
}
    },"req_aggregationstat-7484a": {
        "type": "REQUEST",
        "name": "aggregationStatus",
"path": "aggregationStatus",
"pathFormatted": "req_aggregationstat-7484a",
"stats": {
    "name": "aggregationStatus",
    "numberOfRequests": {
        "total": 12007,
        "ok": 11993,
        "ko": 14
    },
    "minResponseTime": {
        "total": 14,
        "ok": 19,
        "ko": 14
    },
    "maxResponseTime": {
        "total": 60186,
        "ok": 19514,
        "ko": 60186
    },
    "meanResponseTime": {
        "total": 179,
        "ok": 135,
        "ko": 38652
    },
    "standardDeviation": {
        "total": 1753,
        "ok": 621,
        "ko": 28691
    },
    "percentiles1": {
        "total": 70,
        "ok": 70,
        "ko": 60000
    },
    "percentiles2": {
        "total": 110,
        "ok": 110,
        "ko": 60001
    },
    "percentiles3": {
        "total": 383,
        "ok": 380,
        "ko": 60152
    },
    "percentiles4": {
        "total": 800,
        "ok": 787,
        "ko": 60179
    },
    "group1": {
    "name": "t < 400 ms",
    "count": 11444,
    "percentage": 95
},
    "group2": {
    "name": "400 ms < t < 800 ms",
    "count": 437,
    "percentage": 4
},
    "group3": {
    "name": "t > 800 ms",
    "count": 112,
    "percentage": 1
},
    "group4": {
    "name": "failed",
    "count": 14,
    "percentage": 0
},
    "meanNumberOfRequestsPerSecond": {
        "total": 32.62771739130435,
        "ok": 32.58967391304348,
        "ko": 0.03804347826086957
    }
}
    },"req_aggregationresu-ee094": {
        "type": "REQUEST",
        "name": "aggregationResult",
"path": "aggregationResult",
"pathFormatted": "req_aggregationresu-ee094",
"stats": {
    "name": "aggregationResult",
    "numberOfRequests": {
        "total": 7442,
        "ok": 7357,
        "ko": 85
    },
    "minResponseTime": {
        "total": 16,
        "ok": 103,
        "ko": 16
    },
    "maxResponseTime": {
        "total": 21520,
        "ok": 21520,
        "ko": 2877
    },
    "meanResponseTime": {
        "total": 503,
        "ok": 501,
        "ko": 675
    },
    "standardDeviation": {
        "total": 711,
        "ok": 713,
        "ko": 521
    },
    "percentiles1": {
        "total": 391,
        "ok": 390,
        "ko": 511
    },
    "percentiles2": {
        "total": 572,
        "ok": 569,
        "ko": 782
    },
    "percentiles3": {
        "total": 1074,
        "ok": 1071,
        "ko": 1838
    },
    "percentiles4": {
        "total": 1805,
        "ok": 1777,
        "ko": 2668
    },
    "group1": {
    "name": "t < 400 ms",
    "count": 3826,
    "percentage": 51
},
    "group2": {
    "name": "400 ms < t < 800 ms",
    "count": 2706,
    "percentage": 36
},
    "group3": {
    "name": "t > 800 ms",
    "count": 825,
    "percentage": 11
},
    "group4": {
    "name": "failed",
    "count": 85,
    "percentage": 1
},
    "meanNumberOfRequestsPerSecond": {
        "total": 20.222826086956523,
        "ok": 19.991847826086957,
        "ko": 0.23097826086956522
    }
}
    },"req_deleteaggregati-fc14f": {
        "type": "REQUEST",
        "name": "deleteAggregation",
"path": "deleteAggregation",
"pathFormatted": "req_deleteaggregati-fc14f",
"stats": {
    "name": "deleteAggregation",
    "numberOfRequests": {
        "total": 7456,
        "ok": 7449,
        "ko": 7
    },
    "minResponseTime": {
        "total": 10,
        "ok": 47,
        "ko": 10
    },
    "maxResponseTime": {
        "total": 60000,
        "ok": 19561,
        "ko": 60000
    },
    "meanResponseTime": {
        "total": 271,
        "ok": 239,
        "ko": 34293
    },
    "standardDeviation": {
        "total": 1476,
        "ok": 514,
        "ko": 29684
    },
    "percentiles1": {
        "total": 195,
        "ok": 195,
        "ko": 60000
    },
    "percentiles2": {
        "total": 275,
        "ok": 275,
        "ko": 60000
    },
    "percentiles3": {
        "total": 469,
        "ok": 468,
        "ko": 60000
    },
    "percentiles4": {
        "total": 742,
        "ok": 726,
        "ko": 60000
    },
    "group1": {
    "name": "t < 400 ms",
    "count": 6789,
    "percentage": 91
},
    "group2": {
    "name": "400 ms < t < 800 ms",
    "count": 609,
    "percentage": 8
},
    "group3": {
    "name": "t > 800 ms",
    "count": 51,
    "percentage": 1
},
    "group4": {
    "name": "failed",
    "count": 7,
    "percentage": 0
},
    "meanNumberOfRequestsPerSecond": {
        "total": 20.26086956521739,
        "ok": 20.241847826086957,
        "ko": 0.019021739130434784
    }
}
    }
}

}